{"cameraMode":{"drawMode":0,"name":"Shaded","section":"Shading Mode"},"sceneLighting":false,"audioPlay":false,"sceneViewState":{"showFog":true,"showMaterialUpdate":false,"showSkybox":false,"showFlares":true,"showImageEffects":true,"showParticleSystems":true},"in2DMode":false,"pivot":{"x":0.0,"y":6.636382579803467,"z":0.02089691162109375},"rotation":{"x":-0.12686249613761903,"y":-0.09627576917409897,"z":0.012386636808514595,"w":-0.9871860146522522},"size":3.4147486686706545,"orthographic":false}