{"cameraMode":{"drawMode":0,"name":"Shaded","section":"Shading Mode"},"sceneLighting":true,"audioPlay":false,"sceneViewState":{"showFog":true,"showMaterialUpdate":false,"showSkybox":true,"showFlares":true,"showImageEffects":true,"showParticleSystems":true},"in2DMode":false,"pivot":{"x":-4.8830389976501469,"y":3.2957282066345217,"z":3.291757345199585},"rotation":{"x":0.06894528865814209,"y":-0.002697314601391554,"z":0.00018451320647727698,"w":0.9976215958595276},"size":12.093856811523438,"orthographic":false}