{"cameraMode":{"drawMode":0,"name":"Shaded","section":"Shading Mode"},"sceneLighting":true,"audioPlay":false,"sceneViewState":{"showFog":false,"showMaterialUpdate":false,"showSkybox":false,"showFlares":false,"showImageEffects":false,"showParticleSystems":false},"in2DMode":false,"pivot":{"x":12.699151992797852,"y":0.688336193561554,"z":23.298095703125},"rotation":{"x":-0.2196369618177414,"y":-0.27481892704963686,"z":0.06467849761247635,"w":-0.9338837265968323},"size":6.1170759201049809,"orthographic":false}