{"cameraMode":{"drawMode":0,"name":"Shaded","section":"Shading Mode"},"sceneLighting":true,"audioPlay":false,"sceneViewState":{"showFog":false,"showMaterialUpdate":false,"showSkybox":false,"showFlares":false,"showImageEffects":false,"showParticleSystems":false},"in2DMode":false,"pivot":{"x":1.3699722290039063,"y":2.1689772605895998,"z":-3.62457275390625},"rotation":{"x":-0.24930709600448609,"y":-0.4177142083644867,"z":0.12036983668804169,"w":-0.8654075264930725},"size":7.3276262283325199,"orthographic":false}