{"cameraMode":{"drawMode":0,"name":"Shaded","section":"Shading Mode"},"sceneLighting":true,"audioPlay":false,"sceneViewState":{"showFog":false,"showMaterialUpdate":false,"showSkybox":false,"showFlares":false,"showImageEffects":false,"showParticleSystems":false},"in2DMode":false,"pivot":{"x":15.041382789611817,"y":2.9188413619995119,"z":21.04522132873535},"rotation":{"x":-0.17905083298683167,"y":-0.12477803230285645,"z":0.02293718233704567,"w":-0.9756699204444885},"size":37.86848068237305,"orthographic":false}