{"cameraMode":{"drawMode":0,"name":"Shaded","section":"Shading Mode"},"sceneLighting":true,"audioPlay":false,"sceneViewState":{"showFog":false,"showMaterialUpdate":false,"showSkybox":false,"showFlares":false,"showImageEffects":false,"showParticleSystems":false},"in2DMode":false,"pivot":{"x":9.734323501586914,"y":12.825871467590332,"z":67.17568969726563},"rotation":{"x":-0.1311684548854828,"y":-0.16837243735790254,"z":0.022665485739707948,"w":-0.976752758026123},"size":3427.058349609375,"orthographic":false}