{"cameraMode":{"drawMode":0,"name":"Shaded","section":"Shading Mode"},"sceneLighting":true,"audioPlay":false,"sceneViewState":{"showFog":false,"showMaterialUpdate":false,"showSkybox":false,"showFlares":false,"showImageEffects":false,"showParticleSystems":false},"in2DMode":false,"pivot":{"x":-372.8602294921875,"y":214.68873596191407,"z":620.050537109375},"rotation":{"x":0.08663497120141983,"y":0.9120876789093018,"z":-0.25687122344970705,"w":0.30782783031463625},"size":734.58935546875,"orthographic":false}