{"cameraMode":{"drawMode":0,"name":"Shaded","section":"Shading Mode"},"sceneLighting":true,"audioPlay":false,"sceneViewState":{"showFog":false,"showMaterialUpdate":false,"showSkybox":false,"showFlares":false,"showImageEffects":false,"showParticleSystems":false},"in2DMode":false,"pivot":{"x":53.574684143066409,"y":11.941067695617676,"z":36.38835144042969},"rotation":{"x":-0.027819298207759858,"y":0.21892650425434113,"z":-0.006186643149703741,"w":-0.9753807187080383},"size":60.90934371948242,"orthographic":false}