{"cameraMode":{"drawMode":0,"name":"Shaded","section":"Shading Mode"},"sceneLighting":true,"audioPlay":false,"sceneViewState":{"showFog":false,"showMaterialUpdate":false,"showSkybox":false,"showFlares":false,"showImageEffects":false,"showParticleSystems":false},"in2DMode":false,"pivot":{"x":11.500980377197266,"y":2.4005818367004396,"z":25.338342666625978},"rotation":{"x":-0.03219291567802429,"y":-0.2183205932378769,"z":0.007236225064843893,"w":-0.9753553867340088},"size":16.767227172851564,"orthographic":false}